TITLE,LENGTH,TYPE,watched
Captain America: The First Avenger,124,Movie,True
Agent Carter S01E01: Now is Not the End,43,TV,True
Agent Carter S01E02: Bridge and Tunnel,41,TV,True
Agent Carter S01E03: Time and Tide,41,TV,True
Agent Carter S01E04: The Blitzkrieg Button,41,TV,True
Agent Carter S01E05: The Iron Ceiling,43,TV,True
Agent Carter S01E06: A Sin to Err,41,TV,True
Agent Carter S01E07: Snafu,41,TV,True
Agent Carter S01E08: Valediction,42,TV,True
Agent Carter,15,Other,True
Agent Carter S02E01: The Lady in the Lake,42,TV,True
Agent Carter S02E02: A View in the Dark,42,TV,True
Agent Carter S02E03: Better Angels,43,TV,True
Agent Carter S02E04: Smoke & Mirrors,43,TV,True
Agent Carter S02E05: The Atomic Job,42,TV,True
Agent Carter S02E06: Life of the Party,43,TV,True
Agent Carter S02E07: Monsters,42,TV,True
Agent Carter S02E08: The Edge Of Mystery,42,TV,True
Agent Carter S02E09: Little Song and Dance,42,TV,True
Agent Carter S02E10: Hollywood Ending,41,TV,True
Iron Man,126,Movie,True
Iron Man 2,124,Movie,True
The Incredible Hulk,112,Movie,True
The Consultant,4,Other,True
A Funny Thing Happened On The Way To Thor’s Hammer,4,Other,True
Thor,115,Movie,True
Avengers,143,Movie,True
Item 47,12,Other,True
Iron Man 3,130,Movie,True
All Hail The King,14,Other,True
Agents of S.H.I.E.L.D. S01E01: Pilot,44,TV,False
Agents of S.H.I.E.L.D. S01E02: 0-8-4,39,TV,False
Agents of S.H.I.E.L.D. S01E03: The Asset,45,TV,False
Agents of S.H.I.E.L.D. S01E04: Eye Spy,45,TV,False
Agents of S.H.I.E.L.D. S01E05: Girl In The Flower Dress,45,TV,False
Agents of S.H.I.E.L.D. S01E06: F.Z.Z.T.,45,TV,False
Agents of S.H.I.E.L.D. S01E07: The Hub,45,TV,False
Thor: The Dark World,112,Movie,False
Agents of S.H.I.E.L.D. S01E08: The Well,40,TV,False
Agents of S.H.I.E.L.D. S01E09: Repairs,41,TV,False
Agents of S.H.I.E.L.D. S01E10: The Bridge,42,TV,False
Agents of S.H.I.E.L.D. S01E11: The Magical Place,40,TV,False
Agents of S.H.I.E.L.D. S01E12: Seeds,45,TV,False
Agents of S.H.I.E.L.D. S01E13: T.R.A.C.K.S.,42,TV,False
Agents of S.H.I.E.L.D. S01E14: T.A.H.I.T.I,45,TV,False
Agents of S.H.I.E.L.D. S01E15: Yes Men,45,TV,False
Agents of S.H.I.E.L.D. S01E16: End Of The Beginning,45,TV,False
Captain America: The Winter Soldier,136,Movie,False
"Agents of S.H.I.E.L.D. S01E17: Turn, Turn, Turn",44,TV,False
Agents of S.H.I.E.L.D. S01E18: Providence,45,TV,False
Agents of S.H.I.E.L.D. S01E19: The Only Light In The Darkness,41,TV,False
Agents of S.H.I.E.L.D. S01E20: Nothing personal,41,TV,False
Agents of S.H.I.E.L.D. S01E21: Ragtag,42,TV,False
Agents of S.H.I.E.L.D. S01E22: Beginning Of The End,44,TV,False
Agents of S.H.I.E.L.D. S02E01: Shadows,43,TV,False
Agents of S.H.I.E.L.D. S02E02: Heavy Is The Head,42,TV,False
Agents of S.H.I.E.L.D. S02E03: Making Friends And Influencing People,43,TV,False
Agents of S.H.I.E.L.D. S02E04: Face My Enemy,42,TV,False
Agents of S.H.I.E.L.D. S02E05: A Hen In The Wolf House,44,TV,False
Guardians Of The Galaxy,121,Movie,False
Daredevil S01E01: Into the Ring,53,TV,False
Daredevil S01E02: Cut Man,53,TV,False
Daredevil S01E03: Rabbit in a Snowstorm,52,TV,False
Daredevil S01E04: In the Blood,52,TV,False
Daredevil S01E05: World on Fire,56,TV,False
Daredevil S01E06: Condemned,48,TV,False
Daredevil S01E07: Stick,50,TV,False
Daredevil S01E08: Shadows in the Glass,53,TV,False
Agents of S.H.I.E.L.D. S02E06: A Fractured House,41,TV,False
Agents of S.H.I.E.L.D. S02E07: The Writing On The Wall,42,TV,False
Agents of S.H.I.E.L.D. S02E08: The Things We Bury,44,TV,False
Daredevil S01E09: Speak of the Devil,58,TV,False
Daredevil S01E10: Nelson v. Murdock,57,TV,False
Daredevil S01E11: The Path of the Righteous,59,TV,False
Daredevil S01E12: The Ones We Leave Behind,60,TV,False
Daredevil S01E13: Daredevil,56,TV,False
Agents of S.H.I.E.L.D. S02E09: ... Ye Who Enter Here,43,TV,False
Agents of S.H.I.E.L.D. S02E10: What They Become,43,TV,False
Agents of S.H.I.E.L.D. S02E11: Aftershocks,43,TV,False
Agents of S.H.I.E.L.D. S02E12: Who You Really Are,42,TV,False
Guardians of the Galaxy Vol. 2,136,Movie,False
Jessica Jones S01E01: AKA Ladies Night,52,TV,False
Jessica Jones S01E02: AKA Crush Syndrome,52,TV,False
Jessica Jones S01E03: AKA It's Called Whiskey,54,TV,False
Jessica Jones S01E04: AKA 99 Friends,49,TV,False
Jessica Jones S01E05: AKA The Sandwich Saved Me,50,TV,False
Agents of S.H.I.E.L.D. S02E13: One of Us,43,TV,False
Agents of S.H.I.E.L.D. S02E14: Love in the Time of Hydra,44,TV,False
Agents of S.H.I.E.L.D. S02E15: One Door Closes,42,TV,False
Agents of S.H.I.E.L.D. S02E16: Afterlife,44,TV,False
Jessica Jones S01E06: AKA You're a Winner,54,TV,False
Jessica Jones S01E07: AKA Top Shelf Perverts,55,TV,False
Jessica Jones S01E08: AKA WWJD?,50,TV,False
Jessica Jones S01E09: AKA Sin Bin,55,TV,False
"Jessica Jones S01E10: AKA 1,000 Cuts",46,TV,False
Jessica Jones S01E11: AKA I've Got the Blues,50,TV,False
Jessica Jones S01E12: AKA Take A Bloody Number,54,TV,False
Jessica Jones S01E13: AKA Smile,52,TV,False
Agents of S.H.I.E.L.D. S02E17: Melinda,42,TV,False
Agents of S.H.I.E.L.D. S02E18: The Frenemy of My Enemy,43,TV,False
Agents of S.H.I.E.L.D. S02E19: The Dirty Half Dozen,42,TV,False
Avengers: Age Of Ultron,141,Movie,False
Agents of S.H.I.E.L.D. S02E20: Scars,44,TV,False
Agents of S.H.I.E.L.D. S02E21: S.O.S. Part 1,33,TV,False
Agents of S.H.I.E.L.D. S02E22: S.O.S. Part 2,33,TV,False
WHIH Newsfront: Top Stories,1,Other,False
WHIH Exclusive: 2012 VistaCorp break-in security footage,2,Other,False
"WIRED Insider Interviews Darren Cross, CEO of Pym Technologies",3,Other,False
WHIH Exclusive: Scott Lang Interview,4,Other,False
Ant-Man,117,Movie,False
Daredevil S02E01: Bang,48,TV,False
Daredevil S02E02: Dogs To A Gunfight,50,TV,False
Daredevil S02E03: New York's Finest,48,TV,False
Daredevil S02E04: Penny and Dime,60,TV,False
Daredevil S02E05: Kinbaku,55,TV,False
Daredevil S02E06: Regrets Only,55,TV,False
Agents of S.H.I.E.L.D. S03E01: Laws Of Nature,44,TV,False
Agents of S.H.I.E.L.D. S03E02: Purpose In The Machine,43,TV,False
Agents of S.H.I.E.L.D. S03E03: A Wanted (Inhu)man,42,TV,False
Agents of S.H.I.E.L.D. S03E04: Devils You Know,43,TV,False
"Agents of S.H.I.E.L.D. S03E05: 4,772 Hours",43,TV,False
Agents of S.H.I.E.L.D. S03E06: Among Us Hide,42,TV,False
Agents of S.H.I.E.L.D. S03E07: Chaos Theory,43,TV,False
"Agents of S.H.I.E.L.D. S03E08: Many Heads, One Tale",43,TV,False
Agents of S.H.I.E.L.D. S03E09: Closure,43,TV,False
Agents of S.H.I.E.L.D. S03E10: Maveth,42,TV,False
Daredevil S02E07: Semper Fidelis,56,TV,False
Daredevil S02E08: Guilty as Sin,54,TV,False
Daredevil S02E09: Seven Minutes in Heaven,59,TV,False
Daredevil S02E10: The Man in The Box,52,TV,False
Daredevil S02E11: .380,55,TV,False
Daredevil S02E12: The Dark at the End of the Tunnel,52,TV,False
Daredevil S02E13: A Cold Day in Hell's Kitchen,57,TV,False
Luke Cage S01E01: Moment of Truth,54,TV,False
Luke Cage S01E02: Code of the Streets,59,TV,False
Luke Cage S01E03: Who's Gonna Take the Weight?,56,TV,False
Luke Cage S01E04: Step in the Arena,52,TV,False
Luke Cage S01E05: Just To Get a Rep,51,TV,False
Luke Cage S01E06: Suckas Need Bodyguards,53,TV,False
Luke Cage S01E07: Manifest,51,TV,False
Luke Cage S01E08: Blowin' Up the Spot,48,TV,False
Luke Cage S01E09: DWYCK,65,TV,False
Luke Cage S01E10: Take It Personal,47,TV,False
Luke Cage S01E11: Now You're Mine,51,TV,False
Luke Cage S01E12: Soliloquy of Chaos,62,TV,False
Luke Cage S01E13: You Know My Steez,45,TV,False
Agents of S.H.I.E.L.D. S03E11: Bouncing Back,43,TV,False
Agents of S.H.I.E.L.D. S03E12: The Inside Man,43,TV,False
Agents of S.H.I.E.L.D. S03E13: Parting Shot,42,TV,False
Agents of S.H.I.E.L.D. S03E14: Watchdogs,41,TV,False
Agents of S.H.I.E.L.D. S03E15: Spacetime,42,TV,False
Agents of S.H.I.E.L.D. S03E16: Paradise Lost,42,TV,False
Agents of S.H.I.E.L.D. S03E17: The Team,42,TV,False
Agents of S.H.I.E.L.D. S03E18: The Singularity,42,TV,False
WHIH Special Report: Avengers Impact,2,Other,False
WHIH Newsfront: The Cost of Saving the World,2,Other,False
WHIH Newsfront: The Avengers and The White House,3,Other,False
WHIH Exclusive: President Ellis Discusses the Avengers,3,Other,False
WHIH Breaking News: Attack in Lagos,3,Other,False
Agents of S.H.I.E.L.D. S03E19: Failed Experiments,41,TV,False
Captain America: Civil War,147,Movie,False
Agents of S.H.I.E.L.D. S03E20: Emancipation,42,TV,False
Agents of S.H.I.E.L.D. S03E21: Absolution,42,TV,False
Agents of S.H.I.E.L.D. S03E22: Ascension,42,TV,False
Agents of S.H.I.E.L.D. Slingshot E01: Vendetta,5,Other,False
Agents of S.H.I.E.L.D. Slingshot E02: John Hancock,4,Other,False
Agents of S.H.I.E.L.D. Slingshot E03: Progress,6,Other,False
Agents of S.H.I.E.L.D. Slingshot E04: Reunion,5,Other,False
Agents of S.H.I.E.L.D. Slingshot E05: Deal Breaker,4,Other,False
Agents of S.H.I.E.L.D. Slingshot E06: Justicia,4,Other,False
Agents of S.H.I.E.L.D. S04E01: The Ghost,42,TV,False
Agents of S.H.I.E.L.D. S04E02: Meet the New Boss,42,TV,False
Agents of S.H.I.E.L.D. S04E03: Uprising,42,TV,False
Agents of S.H.I.E.L.D. S04E04: Let Me Stand Next to Your Fire,42,TV,False
Agents of S.H.I.E.L.D. S04E05: Lockup,42,TV,False
Agents of S.H.I.E.L.D. S04E06: The Good Samaritan,41,TV,False
Agents of S.H.I.E.L.D. S04E07: Deals With Our Devils,42,TV,False
Agents of S.H.I.E.L.D. S04E08: The Laws of Inferno Dynamics,42,TV,False
Agents of S.H.I.E.L.D. S04E09: Broken Promises,42,TV,False
Agents of S.H.I.E.L.D. S04E10: The Patriot,42,TV,False
Agents of S.H.I.E.L.D. S04E11: Wake Up,43,TV,False
Agents of S.H.I.E.L.D. S04E12: Hot Potato Soup,42,TV,False
Agents of S.H.I.E.L.D. S04E13: BOOM,42,TV,False
Agents of S.H.I.E.L.D. S04E14: The Man Behind the Shield,42,TV,False
Agents of S.H.I.E.L.D. S04E15: Self Control,43,TV,False
Iron Fist S01E01: Snow Gives Way,56,TV,False
Iron Fist S01E02: Shadow Hawk Takes Flight,61,TV,False
Iron Fist S01E03: Rolling Thunder Cannon Punch,59,TV,False
Iron Fist S01E04: Eight Diagram Dragon Palm,53,TV,False
Iron Fist S01E05: Under Leaf Pluck Lotus,56,TV,False
Iron Fist S01E06: Immortal Emerges from Cave,53,TV,False
Iron Fist S01E07: Felling Tree with Roots,58,TV,False
Iron Fist S01E08: The Blessing of Many Fractures,54,TV,False
Iron Fist S01E09: The Mistress of All Agonies,54,TV,False
Iron Fist S01E10: Black Tiger Steals Heart,56,TV,False
Iron Fist S01E11: Lead Horse Back to Stable,52,TV,False
Iron Fist S01E12: Bar the Big Boss,49,TV,False
Iron Fist S01E13: Dragon Plays with Fire,53,TV,False
Agents of S.H.I.E.L.D. S04E16: What If ...,42,TV,False
Agents of S.H.I.E.L.D. S04E17: Identity and Change,42,TV,False
Agents of S.H.I.E.L.D. S04E18: No Regrets,42,TV,False
Agents of S.H.I.E.L.D. S04E19: All the Madame's Men,42,TV,False
"Agents of S.H.I.E.L.D. S04E20: Farewell, Cruel World!",41,TV,False
Agents of S.H.I.E.L.D. S04E21: The Return,42,TV,False
Agents of S.H.I.E.L.D. S04E22: World's End,42,TV,False
Doctor Strange,115,Movie,False
Spider-Man: Homecoming,133,Movie,False
The Defenders S01E01: The H Word,52,TV,False
The Defenders S01E02: Mean Right Hook,45,TV,False
The Defenders S01E03: Worst Behavior,55,TV,False
The Defenders S01E04: Royal Dragon,45,TV,False
The Defenders S01E05: Take Shelter,51,TV,False
"The Defenders S01E06: Ashes, Ashes",51,TV,False
The Defenders S01E07: Fish in the Jailhouse,46,TV,False
The Defenders S01E08: The Defenders,57,TV,False
Inhumans S01E01: Behold... The Inhumans,41,TV,False
Inhumans S01E02: Those Who Would Destroy Us,41,TV,False
Inhumans S01E03: Divide and Conquer,41,TV,False
Inhumans S01E04: Make Way for... Medusa,40,TV,False
Inhumans S01E05: Something Inhuman This Way Comes...,42,TV,False
Inhumans S01E06: The Gentleman's Name is Gorgon,41,TV,False
Thor: Ragnarok,130,Movie,False
Inhumans S01E07: Havoc in the Hidden Land,42,TV,False
Inhumans S01E08: ...And Finally: Black Bolt,42,TV,False
The Punisher S01E01: 3 AM,51,TV,False
The Punisher S01E02: Two Dead Men,57,TV,False
The Punisher S01E03: Kandahar,58,TV,False
The Punisher S01E04: Resupply,49,TV,False
The Punisher S01E05: Gunner,55,TV,False
The Punisher S01E06: The Judas Goat,55,TV,False
The Punisher S01E07: Crosshairs,49,TV,False
The Punisher S01E08: Cold Steel,53,TV,False
The Punisher S01E09: Front Towards Enemy,54,TV,False
The Punisher S01E10: Virtue of the Vicious,49,TV,False
The Punisher S01E11: Danger Close,52,TV,False
The Punisher S01E12: Home,51,TV,False
The Punisher S01E13: Memento Mori,55,TV,False
Runaways S01E01: Reunion,53,TV,False
Runaways S01E02: Rewind,49,TV,False
Runaways S01E03: Destiny,46,TV,False
Runaways S01E04: Fifteen,52,TV,False
"Agents of S.H.I.E.L.D. S05E01: Orientation, Part 1",42,TV,False
"Agents of S.H.I.E.L.D. S05E02: Orientation, Part 2",42,TV,False
Runaways S01E05: Kingdom,47,TV,False
Agents of S.H.I.E.L.D. S05E03: A Life Spent,42,TV,False
Runaways S01E06: Metamorphosis,50,TV,False
Agents of S.H.I.E.L.D. S05E04: A Life Earned,42,TV,False
Runaways S01E07: Refraction,54,TV,False
Agents of S.H.I.E.L.D. S05E05: Rewind,42,TV,False
Runaways S01E08: Tsunami,50,TV,False
